halfHour,demand0
1,0.558299508
2,0.40383953
3,0.313458877
4,0.431222018
5,0.360513433
6,0.339647082
7,0.37114722
8,0.317180197
9,0.284728976
10,0.298076605
11,0.213304747
12,0.340560889
13,0.307256064
14,0.362117894
15,0.453218786
16,0.530525138
17,0.645606926
18,0.642749555
19,0.387773786
20,0.614973564
21,0.481438199
22,0.426671238
23,0.529351952
24,0.822580197
25,1.059748619
26,0.763101669
27,0.691602813
28,0.667959665
29,0.682687952
30,0.621141777
31,0.717582196
32,0.606321219
33,0.90538076
34,0.837646068
35,1.235657986
36,1.442214098
37,1.079739022
38,1.243919428
39,0.794100752
40,1.044940363
41,0.95893326
42,0.978327385
43,1.066828467
44,0.764992831
45,0.77073026
46,0.60925198
47,0.610022257
48,0.508761221
49,0.400805322
50,0.415645669
51,0.417159701
52,0.273945567
53,0.350564002
54,0.343835823
55,0.376891096
56,0.294742832
57,0.301992808
58,0.257279965
59,0.301747704
60,0.303197316
61,0.299096511
62,0.402252121
63,0.483787374
64,0.590358144
65,0.650079334
66,0.579920988
67,0.492657621
68,0.444902271
69,0.504475094
70,0.517212332
71,0.842186494
72,0.803486094
73,0.961688246
74,0.925818459
75,0.715374396
76,0.703370802
77,0.584786605
78,0.75774504
79,0.664464663
80,0.655889896
81,1.081496395
82,1.01207353
83,1.319766005
84,1.248492039
85,1.173173891
86,0.825378699
87,0.923794028
88,0.849067089
89,1.107860976
90,1.053772562
91,0.949472989
92,0.933203563
93,0.727410407
94,0.649634196
95,0.622953021
96,0.520754121
